algorithm,seed,episode,reward
iql,42,1,140.0
iql,42,2,240.0
iql,42,3,330.0
iql,42,4,400.0
iql,42,5,455.0
iql,42,6,420.0
iql,42,7,460.0
iql,42,8,465.0
iql,42,9,475.0
iql,42,10,480.0
iql,42,11,475.0
iql,42,12,480.0
iql,42,13,475.0
iql,42,14,480.0
iql,42,15,475.0
iql,42,16,480.0
iql,42,17,480.0
iql,42,18,475.0
iql,42,19,475.0
iql,42,20,475.0
iql,42,21,475.0
iql,42,22,480.0
iql,42,23,470.0
iql,42,24,480.0
iql,42,25,475.0
iql,42,26,470.0
iql,42,27,475.0
iql,42,28,480.0
iql,42,29,475.0
iql,42,30,480.0
iql,42,31,475.0
iql,42,32,480.0
iql,42,33,480.0
iql,42,34,480.0
iql,42,35,480.0
iql,42,36,480.0
iql,42,37,475.0
iql,42,38,465.0
iql,42,39,480.0
iql,42,40,480.0
iql,42,41,475.0
iql,42,42,475.0
iql,42,43,475.0
iql,42,44,470.0
iql,42,45,475.0
iql,42,46,475.0
iql,42,47,480.0
iql,42,48,480.0
iql,42,49,470.0
iql,42,50,475.0
iql,42,51,480.0
iql,42,52,480.0
iql,42,53,480.0
iql,42,54,480.0
iql,42,55,480.0
iql,42,56,475.0
iql,42,57,465.0
iql,42,58,470.0
iql,42,59,480.0
iql,42,60,475.0
iql,42,61,480.0
iql,42,62,480.0
iql,42,63,475.0
iql,42,64,475.0
iql,42,65,475.0
iql,42,66,480.0
iql,42,67,480.0
iql,42,68,475.0
iql,42,69,465.0
iql,42,70,480.0
iql,42,71,480.0
iql,42,72,470.0
iql,42,73,465.0
iql,42,74,460.0
iql,42,75,475.0
iql,42,76,480.0
iql,42,77,470.0
iql,42,78,475.0
iql,42,79,470.0
iql,42,80,480.0
iql,42,81,465.0
iql,42,82,480.0
iql,42,83,470.0
iql,42,84,465.0
iql,42,85,470.0
iql,42,86,480.0
iql,42,87,470.0
iql,42,88,480.0
iql,42,89,475.0
iql,42,90,480.0
iql,42,91,475.0
iql,42,92,475.0
iql,42,93,475.0
iql,42,94,480.0
iql,42,95,480.0
iql,42,96,480.0
iql,42,97,480.0
iql,42,98,480.0
iql,42,99,480.0
iql,42,100,480.0
iql,42,101,470.0
iql,42,102,480.0
iql,42,103,475.0
iql,42,104,480.0
iql,42,105,475.0
iql,42,106,480.0
iql,42,107,480.0
iql,42,108,480.0
iql,42,109,475.0
iql,42,110,480.0
iql,42,111,475.0
iql,42,112,470.0
iql,42,113,480.0
iql,42,114,480.0
iql,42,115,480.0
iql,42,116,470.0
iql,42,117,475.0
iql,42,118,475.0
iql,42,119,465.0
iql,42,120,475.0
iql,42,121,480.0
iql,42,122,475.0
iql,42,123,475.0
iql,42,124,475.0
iql,42,125,480.0
iql,42,126,475.0
iql,42,127,475.0
iql,42,128,480.0
iql,42,129,475.0
iql,42,130,480.0
iql,42,131,480.0
iql,42,132,475.0
iql,42,133,475.0
iql,42,134,480.0
iql,42,135,465.0
iql,42,136,480.0
iql,42,137,480.0
iql,42,138,475.0
iql,42,139,480.0
iql,42,140,460.0
iql,42,141,465.0
iql,42,142,475.0
iql,42,143,470.0
iql,42,144,475.0
iql,42,145,475.0
iql,42,146,480.0
iql,42,147,480.0
iql,42,148,470.0
iql,42,149,480.0
iql,42,150,460.0
iql,42,151,480.0
iql,42,152,480.0
iql,42,153,470.0
iql,42,154,480.0
iql,42,155,480.0
iql,42,156,460.0
iql,42,157,480.0
iql,42,158,480.0
iql,42,159,480.0
iql,42,160,470.0
iql,42,161,480.0
iql,42,162,470.0
iql,42,163,475.0
iql,42,164,480.0
iql,42,165,480.0
iql,42,166,470.0
iql,42,167,475.0
iql,42,168,480.0
iql,42,169,475.0
iql,42,170,475.0
iql,42,171,480.0
iql,42,172,480.0
iql,42,173,480.0
iql,42,174,480.0
iql,42,175,475.0
iql,42,176,465.0
iql,42,177,480.0
iql,42,178,475.0
iql,42,179,465.0
iql,42,180,480.0
iql,42,181,475.0
iql,42,182,480.0
iql,42,183,465.0
iql,42,184,460.0
iql,42,185,480.0
iql,42,186,480.0
iql,42,187,480.0
iql,42,188,465.0
iql,42,189,465.0
iql,42,190,475.0
iql,42,191,465.0
iql,42,192,465.0
iql,42,193,480.0
iql,42,194,465.0
iql,42,195,475.0
iql,42,196,480.0
iql,42,197,475.0
iql,42,198,475.0
iql,42,199,475.0
iql,42,200,480.0
iql,123,1,160.0
iql,123,2,280.0
iql,123,3,350.0
iql,123,4,395.0
iql,123,5,440.0
iql,123,6,435.0
iql,123,7,465.0
iql,123,8,480.0
iql,123,9,475.0
iql,123,10,480.0
iql,123,11,475.0
iql,123,12,480.0
iql,123,13,475.0
iql,123,14,480.0
iql,123,15,475.0
iql,123,16,465.0
iql,123,17,470.0
iql,123,18,475.0
iql,123,19,480.0
iql,123,20,475.0
iql,123,21,475.0
iql,123,22,480.0
iql,123,23,475.0
iql,123,24,480.0
iql,123,25,480.0
iql,123,26,475.0
iql,123,27,480.0
iql,123,28,480.0
iql,123,29,470.0
iql,123,30,480.0
iql,123,31,470.0
iql,123,32,475.0
iql,123,33,470.0
iql,123,34,480.0
iql,123,35,480.0
iql,123,36,480.0
iql,123,37,475.0
iql,123,38,480.0
iql,123,39,480.0
iql,123,40,475.0
iql,123,41,475.0
iql,123,42,480.0
iql,123,43,480.0
iql,123,44,475.0
iql,123,45,470.0
iql,123,46,480.0
iql,123,47,475.0
iql,123,48,470.0
iql,123,49,475.0
iql,123,50,480.0
iql,123,51,480.0
iql,123,52,475.0
iql,123,53,480.0
iql,123,54,475.0
iql,123,55,475.0
iql,123,56,475.0
iql,123,57,470.0
iql,123,58,475.0
iql,123,59,480.0
iql,123,60,470.0
iql,123,61,475.0
iql,123,62,475.0
iql,123,63,475.0
iql,123,64,475.0
iql,123,65,475.0
iql,123,66,475.0
iql,123,67,480.0
iql,123,68,480.0
iql,123,69,480.0
iql,123,70,480.0
iql,123,71,480.0
iql,123,72,475.0
iql,123,73,465.0
iql,123,74,480.0
iql,123,75,480.0
iql,123,76,475.0
iql,123,77,480.0
iql,123,78,470.0
iql,123,79,475.0
iql,123,80,475.0
iql,123,81,480.0
iql,123,82,470.0
iql,123,83,470.0
iql,123,84,475.0
iql,123,85,475.0
iql,123,86,465.0
iql,123,87,475.0
iql,123,88,480.0
iql,123,89,480.0
iql,123,90,475.0
iql,123,91,470.0
iql,123,92,480.0
iql,123,93,470.0
iql,123,94,475.0
iql,123,95,480.0
iql,123,96,480.0
iql,123,97,475.0
iql,123,98,480.0
iql,123,99,480.0
iql,123,100,480.0
iql,123,101,470.0
iql,123,102,470.0
iql,123,103,470.0
iql,123,104,480.0
iql,123,105,480.0
iql,123,106,475.0
iql,123,107,470.0
iql,123,108,480.0
iql,123,109,475.0
iql,123,110,475.0
iql,123,111,480.0
iql,123,112,480.0
iql,123,113,475.0
iql,123,114,480.0
iql,123,115,465.0
iql,123,116,480.0
iql,123,117,480.0
iql,123,118,475.0
iql,123,119,480.0
iql,123,120,480.0
iql,123,121,480.0
iql,123,122,480.0
iql,123,123,480.0
iql,123,124,465.0
iql,123,125,475.0
iql,123,126,470.0
iql,123,127,480.0
iql,123,128,480.0
iql,123,129,480.0
iql,123,130,470.0
iql,123,131,480.0
iql,123,132,480.0
iql,123,133,480.0
iql,123,134,475.0
iql,123,135,480.0
iql,123,136,480.0
iql,123,137,475.0
iql,123,138,470.0
iql,123,139,470.0
iql,123,140,475.0
iql,123,141,475.0
iql,123,142,475.0
iql,123,143,480.0
iql,123,144,475.0
iql,123,145,475.0
iql,123,146,480.0
iql,123,147,480.0
iql,123,148,475.0
iql,123,149,480.0
iql,123,150,475.0
iql,123,151,475.0
iql,123,152,470.0
iql,123,153,480.0
iql,123,154,480.0
iql,123,155,480.0
iql,123,156,460.0
iql,123,157,470.0
iql,123,158,480.0
iql,123,159,465.0
iql,123,160,475.0
iql,123,161,465.0
iql,123,162,480.0
iql,123,163,465.0
iql,123,164,475.0
iql,123,165,475.0
iql,123,166,480.0
iql,123,167,475.0
iql,123,168,470.0
iql,123,169,470.0
iql,123,170,470.0
iql,123,171,475.0
iql,123,172,475.0
iql,123,173,475.0
iql,123,174,475.0
iql,123,175,480.0
iql,123,176,480.0
iql,123,177,480.0
iql,123,178,475.0
iql,123,179,475.0
iql,123,180,480.0
iql,123,181,480.0
iql,123,182,470.0
iql,123,183,480.0
iql,123,184,480.0
iql,123,185,480.0
iql,123,186,480.0
iql,123,187,470.0
iql,123,188,465.0
iql,123,189,475.0
iql,123,190,475.0
iql,123,191,470.0
iql,123,192,475.0
iql,123,193,475.0
iql,123,194,475.0
iql,123,195,475.0
iql,123,196,475.0
iql,123,197,475.0
iql,123,198,480.0
iql,123,199,470.0
iql,123,200,480.0
iql,999,1,95.0
iql,999,2,240.0
iql,999,3,355.0
iql,999,4,420.0
iql,999,5,410.0
iql,999,6,430.0
iql,999,7,445.0
iql,999,8,470.0
iql,999,9,460.0
iql,999,10,475.0
iql,999,11,480.0
iql,999,12,475.0
iql,999,13,480.0
iql,999,14,470.0
iql,999,15,480.0
iql,999,16,480.0
iql,999,17,475.0
iql,999,18,480.0
iql,999,19,475.0
iql,999,20,480.0
iql,999,21,475.0
iql,999,22,465.0
iql,999,23,475.0
iql,999,24,480.0
iql,999,25,480.0
iql,999,26,475.0
iql,999,27,480.0
iql,999,28,475.0
iql,999,29,475.0
iql,999,30,475.0
iql,999,31,480.0
iql,999,32,480.0
iql,999,33,475.0
iql,999,34,475.0
iql,999,35,470.0
iql,999,36,470.0
iql,999,37,475.0
iql,999,38,480.0
iql,999,39,480.0
iql,999,40,480.0
iql,999,41,480.0
iql,999,42,475.0
iql,999,43,475.0
iql,999,44,480.0
iql,999,45,475.0
iql,999,46,460.0
iql,999,47,480.0
iql,999,48,475.0
iql,999,49,475.0
iql,999,50,470.0
iql,999,51,480.0
iql,999,52,480.0
iql,999,53,470.0
iql,999,54,480.0
iql,999,55,470.0
iql,999,56,480.0
iql,999,57,480.0
iql,999,58,475.0
iql,999,59,475.0
iql,999,60,465.0
iql,999,61,480.0
iql,999,62,470.0
iql,999,63,475.0
iql,999,64,475.0
iql,999,65,475.0
iql,999,66,470.0
iql,999,67,475.0
iql,999,68,480.0
iql,999,69,480.0
iql,999,70,480.0
iql,999,71,475.0
iql,999,72,475.0
iql,999,73,475.0
iql,999,74,470.0
iql,999,75,480.0
iql,999,76,470.0
iql,999,77,480.0
iql,999,78,480.0
iql,999,79,475.0
iql,999,80,475.0
iql,999,81,470.0
iql,999,82,470.0
iql,999,83,480.0
iql,999,84,480.0
iql,999,85,470.0
iql,999,86,480.0
iql,999,87,480.0
iql,999,88,465.0
iql,999,89,480.0
iql,999,90,480.0
iql,999,91,470.0
iql,999,92,470.0
iql,999,93,480.0
iql,999,94,475.0
iql,999,95,475.0
iql,999,96,475.0
iql,999,97,470.0
iql,999,98,480.0
iql,999,99,480.0
iql,999,100,480.0
iql,999,101,465.0
iql,999,102,475.0
iql,999,103,480.0
iql,999,104,470.0
iql,999,105,480.0
iql,999,106,470.0
iql,999,107,475.0
iql,999,108,480.0
iql,999,109,470.0
iql,999,110,480.0
iql,999,111,480.0
iql,999,112,480.0
iql,999,113,475.0
iql,999,114,470.0
iql,999,115,470.0
iql,999,116,475.0
iql,999,117,480.0
iql,999,118,475.0
iql,999,119,470.0
iql,999,120,480.0
iql,999,121,475.0
iql,999,122,475.0
iql,999,123,475.0
iql,999,124,465.0
iql,999,125,475.0
iql,999,126,470.0
iql,999,127,475.0
iql,999,128,475.0
iql,999,129,475.0
iql,999,130,475.0
iql,999,131,480.0
iql,999,132,480.0
iql,999,133,475.0
iql,999,134,480.0
iql,999,135,475.0
iql,999,136,470.0
iql,999,137,475.0
iql,999,138,465.0
iql,999,139,475.0
iql,999,140,475.0
iql,999,141,480.0
iql,999,142,470.0
iql,999,143,480.0
iql,999,144,480.0
iql,999,145,480.0
iql,999,146,475.0
iql,999,147,475.0
iql,999,148,480.0
iql,999,149,475.0
iql,999,150,480.0
iql,999,151,480.0
iql,999,152,475.0
iql,999,153,470.0
iql,999,154,475.0
iql,999,155,475.0
iql,999,156,480.0
iql,999,157,475.0
iql,999,158,465.0
iql,999,159,475.0
iql,999,160,480.0
iql,999,161,480.0
iql,999,162,475.0
iql,999,163,475.0
iql,999,164,480.0
iql,999,165,465.0
iql,999,166,480.0
iql,999,167,480.0
iql,999,168,480.0
iql,999,169,475.0
iql,999,170,480.0
iql,999,171,480.0
iql,999,172,465.0
iql,999,173,480.0
iql,999,174,480.0
iql,999,175,480.0
iql,999,176,480.0
iql,999,177,480.0
iql,999,178,475.0
iql,999,179,470.0
iql,999,180,480.0
iql,999,181,470.0
iql,999,182,480.0
iql,999,183,475.0
iql,999,184,470.0
iql,999,185,475.0
iql,999,186,480.0
iql,999,187,480.0
iql,999,188,470.0
iql,999,189,480.0
iql,999,190,475.0
iql,999,191,475.0
iql,999,192,475.0
iql,999,193,480.0
iql,999,194,480.0
iql,999,195,480.0
iql,999,196,480.0
iql,999,197,470.0
iql,999,198,475.0
iql,999,199,465.0
iql,999,200,480.0
qmix,42,1,115.0
qmix,42,2,50.0
qmix,42,3,95.0
qmix,42,4,65.0
qmix,42,5,60.0
qmix,42,6,50.0
qmix,42,7,80.0
qmix,42,8,105.0
qmix,42,9,110.0
qmix,42,10,45.0
qmix,42,11,65.0
qmix,42,12,70.0
qmix,42,13,100.0
qmix,42,14,110.0
qmix,42,15,95.0
qmix,42,16,45.0
qmix,42,17,45.0
qmix,42,18,40.0
qmix,42,19,70.0
qmix,42,20,50.0
qmix,42,21,95.0
qmix,42,22,95.0
qmix,42,23,85.0
qmix,42,24,45.0
qmix,42,25,50.0
qmix,42,26,35.0
qmix,42,27,45.0
qmix,42,28,75.0
qmix,42,29,10.0
qmix,42,30,-5.0
qmix,42,31,35.0
qmix,42,32,40.0
qmix,42,33,45.0
qmix,42,34,80.0
qmix,42,35,50.0
qmix,42,36,50.0
qmix,42,37,65.0
qmix,42,38,30.0
qmix,42,39,65.0
qmix,42,40,60.0
qmix,42,41,75.0
qmix,42,42,60.0
qmix,42,43,35.0
qmix,42,44,-25.0
qmix,42,45,0.0
qmix,42,46,5.0
qmix,42,47,50.0
qmix,42,48,20.0
qmix,42,49,20.0
qmix,42,50,60.0
qmix,42,51,35.0
qmix,42,52,40.0
qmix,42,53,55.0
qmix,42,54,50.0
qmix,42,55,15.0
qmix,42,56,20.0
qmix,42,57,-15.0
qmix,42,58,40.0
qmix,42,59,90.0
qmix,42,60,65.0
qmix,42,61,40.0
qmix,42,62,35.0
qmix,42,63,-15.0
qmix,42,64,15.0
qmix,42,65,35.0
qmix,42,66,35.0
qmix,42,67,5.0
qmix,42,68,60.0
qmix,42,69,-10.0
qmix,42,70,25.0
qmix,42,71,60.0
qmix,42,72,-15.0
qmix,42,73,-65.0
qmix,42,74,-10.0
qmix,42,75,-15.0
qmix,42,76,-10.0
qmix,42,77,-30.0
qmix,42,78,-15.0
qmix,42,79,10.0
qmix,42,80,-10.0
qmix,42,81,10.0
qmix,42,82,10.0
qmix,42,83,20.0
qmix,42,84,5.0
qmix,42,85,30.0
qmix,42,86,-15.0
qmix,42,87,-5.0
qmix,42,88,15.0
qmix,42,89,0.0
qmix,42,90,25.0
qmix,42,91,-5.0
qmix,42,92,20.0
qmix,42,93,-5.0
qmix,42,94,40.0
qmix,42,95,-15.0
qmix,42,96,15.0
qmix,42,97,-45.0
qmix,42,98,25.0
qmix,42,99,5.0
qmix,42,100,45.0
qmix,42,101,-20.0
qmix,42,102,-20.0
qmix,42,103,-25.0
qmix,42,104,-65.0
qmix,42,105,5.0
qmix,42,106,25.0
qmix,42,107,-15.0
qmix,42,108,-90.0
qmix,42,109,-40.0
qmix,42,110,-10.0
qmix,42,111,25.0
qmix,42,112,-10.0
qmix,42,113,0.0
qmix,42,114,25.0
qmix,42,115,25.0
qmix,42,116,0.0
qmix,42,117,-75.0
qmix,42,118,-45.0
qmix,42,119,-5.0
qmix,42,120,15.0
qmix,42,121,35.0
qmix,42,122,15.0
qmix,42,123,-10.0
qmix,42,124,10.0
qmix,42,125,10.0
qmix,42,126,-25.0
qmix,42,127,-5.0
qmix,42,128,-10.0
qmix,42,129,-20.0
qmix,42,130,-30.0
qmix,42,131,-10.0
qmix,42,132,-30.0
qmix,42,133,-40.0
qmix,42,134,-50.0
qmix,42,135,-50.0
qmix,42,136,-35.0
qmix,42,137,-50.0
qmix,42,138,-15.0
qmix,42,139,-20.0
qmix,42,140,-70.0
qmix,42,141,-45.0
qmix,42,142,35.0
qmix,42,143,-65.0
qmix,42,144,-20.0
qmix,42,145,-10.0
qmix,42,146,-5.0
qmix,42,147,-60.0
qmix,42,148,-45.0
qmix,42,149,-50.0
qmix,42,150,-20.0
qmix,42,151,10.0
qmix,42,152,-35.0
qmix,42,153,-30.0
qmix,42,154,-75.0
qmix,42,155,-15.0
qmix,42,156,-60.0
qmix,42,157,-10.0
qmix,42,158,-55.0
qmix,42,159,-55.0
qmix,42,160,5.0
qmix,42,161,-35.0
qmix,42,162,-45.0
qmix,42,163,-5.0
qmix,42,164,-50.0
qmix,42,165,-55.0
qmix,42,166,-40.0
qmix,42,167,-95.0
qmix,42,168,-40.0
qmix,42,169,-20.0
qmix,42,170,-50.0
qmix,42,171,-30.0
qmix,42,172,-55.0
qmix,42,173,-10.0
qmix,42,174,-40.0
qmix,42,175,-45.0
qmix,42,176,-55.0
qmix,42,177,-75.0
qmix,42,178,-35.0
qmix,42,179,-50.0
qmix,42,180,-80.0
qmix,42,181,-50.0
qmix,42,182,-50.0
qmix,42,183,-55.0
qmix,42,184,-45.0
qmix,42,185,-20.0
qmix,42,186,-80.0
qmix,42,187,-65.0
qmix,42,188,-105.0
qmix,42,189,-35.0
qmix,42,190,-70.0
qmix,42,191,15.0
qmix,42,192,-25.0
qmix,42,193,-40.0
qmix,42,194,-60.0
qmix,42,195,-40.0
qmix,42,196,-60.0
qmix,42,197,-40.0
qmix,42,198,-110.0
qmix,42,199,-30.0
qmix,42,200,-35.0
qmix,123,1,80.0
qmix,123,2,80.0
qmix,123,3,60.0
qmix,123,4,135.0
qmix,123,5,100.0
qmix,123,6,65.0
qmix,123,7,110.0
qmix,123,8,120.0
qmix,123,9,90.0
qmix,123,10,120.0
qmix,123,11,160.0
qmix,123,12,75.0
qmix,123,13,155.0
qmix,123,14,90.0
qmix,123,15,90.0
qmix,123,16,115.0
qmix,123,17,150.0
qmix,123,18,135.0
qmix,123,19,65.0
qmix,123,20,120.0
qmix,123,21,145.0
qmix,123,22,135.0
qmix,123,23,110.0
qmix,123,24,115.0
qmix,123,25,135.0
qmix,123,26,95.0
qmix,123,27,60.0
qmix,123,28,120.0
qmix,123,29,160.0
qmix,123,30,140.0
qmix,123,31,105.0
qmix,123,32,160.0
qmix,123,33,80.0
qmix,123,34,65.0
qmix,123,35,125.0
qmix,123,36,75.0
qmix,123,37,85.0
qmix,123,38,85.0
qmix,123,39,120.0
qmix,123,40,140.0
qmix,123,41,130.0
qmix,123,42,85.0
qmix,123,43,125.0
qmix,123,44,165.0
qmix,123,45,150.0
qmix,123,46,135.0
qmix,123,47,55.0
qmix,123,48,125.0
qmix,123,49,135.0
qmix,123,50,140.0
qmix,123,51,115.0
qmix,123,52,125.0
qmix,123,53,160.0
qmix,123,54,80.0
qmix,123,55,125.0
qmix,123,56,110.0
qmix,123,57,160.0
qmix,123,58,115.0
qmix,123,59,130.0
qmix,123,60,135.0
qmix,123,61,135.0
qmix,123,62,150.0
qmix,123,63,130.0
qmix,123,64,115.0
qmix,123,65,130.0
qmix,123,66,125.0
qmix,123,67,115.0
qmix,123,68,175.0
qmix,123,69,95.0
qmix,123,70,160.0
qmix,123,71,160.0
qmix,123,72,145.0
qmix,123,73,175.0
qmix,123,74,180.0
qmix,123,75,175.0
qmix,123,76,135.0
qmix,123,77,150.0
qmix,123,78,185.0
qmix,123,79,210.0
qmix,123,80,110.0
qmix,123,81,185.0
qmix,123,82,135.0
qmix,123,83,160.0
qmix,123,84,165.0
qmix,123,85,190.0
qmix,123,86,145.0
qmix,123,87,125.0
qmix,123,88,150.0
qmix,123,89,210.0
qmix,123,90,165.0
qmix,123,91,150.0
qmix,123,92,170.0
qmix,123,93,155.0
qmix,123,94,180.0
qmix,123,95,150.0
qmix,123,96,205.0
qmix,123,97,115.0
qmix,123,98,190.0
qmix,123,99,135.0
qmix,123,100,230.0
qmix,123,101,165.0
qmix,123,102,135.0
qmix,123,103,220.0
qmix,123,104,185.0
qmix,123,105,190.0
qmix,123,106,140.0
qmix,123,107,135.0
qmix,123,108,115.0
qmix,123,109,210.0
qmix,123,110,215.0
qmix,123,111,185.0
qmix,123,112,215.0
qmix,123,113,175.0
qmix,123,114,165.0
qmix,123,115,205.0
qmix,123,116,120.0
qmix,123,117,165.0
qmix,123,118,195.0
qmix,123,119,140.0
qmix,123,120,175.0
qmix,123,121,135.0
qmix,123,122,195.0
qmix,123,123,195.0
qmix,123,124,125.0
qmix,123,125,170.0
qmix,123,126,195.0
qmix,123,127,210.0
qmix,123,128,165.0
qmix,123,129,200.0
qmix,123,130,185.0
qmix,123,131,190.0
qmix,123,132,175.0
qmix,123,133,160.0
qmix,123,134,235.0
qmix,123,135,220.0
qmix,123,136,230.0
qmix,123,137,175.0
qmix,123,138,240.0
qmix,123,139,220.0
qmix,123,140,200.0
qmix,123,141,205.0
qmix,123,142,190.0
qmix,123,143,205.0
qmix,123,144,195.0
qmix,123,145,170.0
qmix,123,146,225.0
qmix,123,147,170.0
qmix,123,148,175.0
qmix,123,149,225.0
qmix,123,150,220.0
qmix,123,151,155.0
qmix,123,152,225.0
qmix,123,153,225.0
qmix,123,154,150.0
qmix,123,155,190.0
qmix,123,156,210.0
qmix,123,157,245.0
qmix,123,158,190.0
qmix,123,159,225.0
qmix,123,160,170.0
qmix,123,161,150.0
qmix,123,162,230.0
qmix,123,163,195.0
qmix,123,164,200.0
qmix,123,165,265.0
qmix,123,166,230.0
qmix,123,167,160.0
qmix,123,168,255.0
qmix,123,169,235.0
qmix,123,170,200.0
qmix,123,171,190.0
qmix,123,172,175.0
qmix,123,173,195.0
qmix,123,174,240.0
qmix,123,175,220.0
qmix,123,176,180.0
qmix,123,177,160.0
qmix,123,178,220.0
qmix,123,179,220.0
qmix,123,180,180.0
qmix,123,181,190.0
qmix,123,182,250.0
qmix,123,183,200.0
qmix,123,184,215.0
qmix,123,185,230.0
qmix,123,186,200.0
qmix,123,187,235.0
qmix,123,188,210.0
qmix,123,189,245.0
qmix,123,190,280.0
qmix,123,191,280.0
qmix,123,192,260.0
qmix,123,193,220.0
qmix,123,194,195.0
qmix,123,195,230.0
qmix,123,196,160.0
qmix,123,197,240.0
qmix,123,198,150.0
qmix,123,199,180.0
qmix,123,200,235.0
qmix,999,1,80.0
qmix,999,2,105.0
qmix,999,3,95.0
qmix,999,4,65.0
qmix,999,5,115.0
qmix,999,6,60.0
qmix,999,7,55.0
qmix,999,8,95.0
qmix,999,9,90.0
qmix,999,10,15.0
qmix,999,11,90.0
qmix,999,12,60.0
qmix,999,13,70.0
qmix,999,14,45.0
qmix,999,15,90.0
qmix,999,16,85.0
qmix,999,17,20.0
qmix,999,18,65.0
qmix,999,19,125.0
qmix,999,20,65.0
qmix,999,21,10.0
qmix,999,22,65.0
qmix,999,23,30.0
qmix,999,24,30.0
qmix,999,25,35.0
qmix,999,26,80.0
qmix,999,27,-5.0
qmix,999,28,65.0
qmix,999,29,50.0
qmix,999,30,20.0
qmix,999,31,30.0
qmix,999,32,65.0
qmix,999,33,55.0
qmix,999,34,85.0
qmix,999,35,100.0
qmix,999,36,10.0
qmix,999,37,75.0
qmix,999,38,35.0
qmix,999,39,30.0
qmix,999,40,60.0
qmix,999,41,35.0
qmix,999,42,65.0
qmix,999,43,60.0
qmix,999,44,55.0
qmix,999,45,70.0
qmix,999,46,80.0
qmix,999,47,-15.0
qmix,999,48,35.0
qmix,999,49,25.0
qmix,999,50,70.0
qmix,999,51,60.0
qmix,999,52,70.0
qmix,999,53,30.0
qmix,999,54,85.0
qmix,999,55,5.0
qmix,999,56,20.0
qmix,999,57,35.0
qmix,999,58,15.0
qmix,999,59,60.0
qmix,999,60,5.0
qmix,999,61,45.0
qmix,999,62,40.0
qmix,999,63,10.0
qmix,999,64,60.0
qmix,999,65,0.0
qmix,999,66,30.0
qmix,999,67,5.0
qmix,999,68,30.0
qmix,999,69,75.0
qmix,999,70,0.0
qmix,999,71,35.0
qmix,999,72,15.0
qmix,999,73,70.0
qmix,999,74,10.0
qmix,999,75,35.0
qmix,999,76,15.0
qmix,999,77,40.0
qmix,999,78,50.0
qmix,999,79,20.0
qmix,999,80,20.0
qmix,999,81,10.0
qmix,999,82,60.0
qmix,999,83,-50.0
qmix,999,84,45.0
qmix,999,85,5.0
qmix,999,86,25.0
qmix,999,87,-20.0
qmix,999,88,-25.0
qmix,999,89,20.0
qmix,999,90,5.0
qmix,999,91,-5.0
qmix,999,92,-10.0
qmix,999,93,20.0
qmix,999,94,-20.0
qmix,999,95,85.0
qmix,999,96,-10.0
qmix,999,97,-20.0
qmix,999,98,35.0
qmix,999,99,15.0
qmix,999,100,0.0
qmix,999,101,-35.0
qmix,999,102,-25.0
qmix,999,103,30.0
qmix,999,104,-30.0
qmix,999,105,0.0
qmix,999,106,10.0
qmix,999,107,0.0
qmix,999,108,15.0
qmix,999,109,-15.0
qmix,999,110,-20.0
qmix,999,111,-10.0
qmix,999,112,0.0
qmix,999,113,-10.0
qmix,999,114,-5.0
qmix,999,115,-25.0
qmix,999,116,-15.0
qmix,999,117,0.0
qmix,999,118,-30.0
qmix,999,119,-15.0
qmix,999,120,-65.0
qmix,999,121,-35.0
qmix,999,122,-30.0
qmix,999,123,-35.0
qmix,999,124,-35.0
qmix,999,125,25.0
qmix,999,126,10.0
qmix,999,127,-15.0
qmix,999,128,-20.0
qmix,999,129,-25.0
qmix,999,130,-10.0
qmix,999,131,-55.0
qmix,999,132,-55.0
qmix,999,133,-15.0
qmix,999,134,-20.0
qmix,999,135,-40.0
qmix,999,136,-10.0
qmix,999,137,-20.0
qmix,999,138,-5.0
qmix,999,139,-20.0
qmix,999,140,-10.0
qmix,999,141,-15.0
qmix,999,142,-60.0
qmix,999,143,-35.0
qmix,999,144,-30.0
qmix,999,145,-25.0
qmix,999,146,-60.0
qmix,999,147,5.0
qmix,999,148,-5.0
qmix,999,149,10.0
qmix,999,150,-45.0
qmix,999,151,-25.0
qmix,999,152,-5.0
qmix,999,153,-20.0
qmix,999,154,-65.0
qmix,999,155,-30.0
qmix,999,156,-35.0
qmix,999,157,-70.0
qmix,999,158,-85.0
qmix,999,159,-45.0
qmix,999,160,-20.0
qmix,999,161,-20.0
qmix,999,162,-70.0
qmix,999,163,-45.0
qmix,999,164,-55.0
qmix,999,165,-50.0
qmix,999,166,-45.0
qmix,999,167,-65.0
qmix,999,168,-45.0
qmix,999,169,-15.0
qmix,999,170,-35.0
qmix,999,171,-40.0
qmix,999,172,-40.0
qmix,999,173,-70.0
qmix,999,174,5.0
qmix,999,175,-20.0
qmix,999,176,-70.0
qmix,999,177,-75.0
qmix,999,178,10.0
qmix,999,179,-80.0
qmix,999,180,-75.0
qmix,999,181,-25.0
qmix,999,182,-30.0
qmix,999,183,-85.0
qmix,999,184,-50.0
qmix,999,185,-20.0
qmix,999,186,-35.0
qmix,999,187,-75.0
qmix,999,188,-45.0
qmix,999,189,-45.0
qmix,999,190,-85.0
qmix,999,191,-85.0
qmix,999,192,-60.0
qmix,999,193,-60.0
qmix,999,194,-25.0
qmix,999,195,-50.0
qmix,999,196,-25.0
qmix,999,197,-80.0
qmix,999,198,-35.0
qmix,999,199,-70.0
qmix,999,200,-50.0
mappo,42,1,60.0
mappo,42,2,130.0
mappo,42,3,50.0
mappo,42,4,50.0
mappo,42,5,70.0
mappo,42,6,115.0
mappo,42,7,85.0
mappo,42,8,50.0
mappo,42,9,95.0
mappo,42,10,75.0
mappo,42,11,75.0
mappo,42,12,60.0
mappo,42,13,55.0
mappo,42,14,100.0
mappo,42,15,60.0
mappo,42,16,115.0
mappo,42,17,100.0
mappo,42,18,120.0
mappo,42,19,125.0
mappo,42,20,110.0
mappo,42,21,120.0
mappo,42,22,45.0
mappo,42,23,145.0
mappo,42,24,110.0
mappo,42,25,105.0
mappo,42,26,100.0
mappo,42,27,135.0
mappo,42,28,130.0
mappo,42,29,135.0
mappo,42,30,160.0
mappo,42,31,135.0
mappo,42,32,140.0
mappo,42,33,175.0
mappo,42,34,135.0
mappo,42,35,130.0
mappo,42,36,130.0
mappo,42,37,135.0
mappo,42,38,135.0
mappo,42,39,130.0
mappo,42,40,145.0
mappo,42,41,200.0
mappo,42,42,265.0
mappo,42,43,265.0
mappo,42,44,225.0
mappo,42,45,150.0
mappo,42,46,200.0
mappo,42,47,155.0
mappo,42,48,210.0
mappo,42,49,220.0
mappo,42,50,160.0
mappo,42,51,210.0
mappo,42,52,175.0
mappo,42,53,210.0
mappo,42,54,185.0
mappo,42,55,190.0
mappo,42,56,220.0
mappo,42,57,205.0
mappo,42,58,275.0
mappo,42,59,295.0
mappo,42,60,275.0
mappo,42,61,325.0
mappo,42,62,300.0
mappo,42,63,260.0
mappo,42,64,255.0
mappo,42,65,265.0
mappo,42,66,260.0
mappo,42,67,230.0
mappo,42,68,270.0
mappo,42,69,260.0
mappo,42,70,265.0
mappo,42,71,285.0
mappo,42,72,315.0
mappo,42,73,290.0
mappo,42,74,320.0
mappo,42,75,335.0
mappo,42,76,305.0
mappo,42,77,385.0
mappo,42,78,360.0
mappo,42,79,355.0
mappo,42,80,380.0
mappo,42,81,395.0
mappo,42,82,370.0
mappo,42,83,325.0
mappo,42,84,350.0
mappo,42,85,350.0
mappo,42,86,325.0
mappo,42,87,385.0
mappo,42,88,330.0
mappo,42,89,380.0
mappo,42,90,400.0
mappo,42,91,390.0
mappo,42,92,375.0
mappo,42,93,380.0
mappo,42,94,375.0
mappo,42,95,335.0
mappo,42,96,370.0
mappo,42,97,330.0
mappo,42,98,355.0
mappo,42,99,360.0
mappo,42,100,325.0
mappo,42,101,375.0
mappo,42,102,400.0
mappo,42,103,415.0
mappo,42,104,390.0
mappo,42,105,395.0
mappo,42,106,430.0
mappo,42,107,445.0
mappo,42,108,410.0
mappo,42,109,425.0
mappo,42,110,435.0
mappo,42,111,400.0
mappo,42,112,410.0
mappo,42,113,380.0
mappo,42,114,420.0
mappo,42,115,395.0
mappo,42,116,380.0
mappo,42,117,420.0
mappo,42,118,380.0
mappo,42,119,435.0
mappo,42,120,395.0
mappo,42,121,425.0
mappo,42,122,415.0
mappo,42,123,410.0
mappo,42,124,415.0
mappo,42,125,435.0
mappo,42,126,430.0
mappo,42,127,420.0
mappo,42,128,410.0
mappo,42,129,455.0
mappo,42,130,450.0
mappo,42,131,415.0
mappo,42,132,425.0
mappo,42,133,450.0
mappo,42,134,425.0
mappo,42,135,465.0
mappo,42,136,450.0
mappo,42,137,455.0
mappo,42,138,450.0
mappo,42,139,445.0
mappo,42,140,425.0
mappo,42,141,415.0
mappo,42,142,425.0
mappo,42,143,415.0
mappo,42,144,440.0
mappo,42,145,450.0
mappo,42,146,450.0
mappo,42,147,470.0
mappo,42,148,430.0
mappo,42,149,445.0
mappo,42,150,450.0
mappo,42,151,440.0
mappo,42,152,420.0
mappo,42,153,465.0
mappo,42,154,450.0
mappo,42,155,470.0
mappo,42,156,465.0
mappo,42,157,470.0
mappo,42,158,470.0
mappo,42,159,455.0
mappo,42,160,470.0
mappo,42,161,470.0
mappo,42,162,470.0
mappo,42,163,480.0
mappo,42,164,470.0
mappo,42,165,470.0
mappo,42,166,450.0
mappo,42,167,455.0
mappo,42,168,465.0
mappo,42,169,475.0
mappo,42,170,470.0
mappo,42,171,470.0
mappo,42,172,480.0
mappo,42,173,470.0
mappo,42,174,470.0
mappo,42,175,470.0
mappo,42,176,480.0
mappo,42,177,475.0
mappo,42,178,475.0
mappo,42,179,480.0
mappo,42,180,480.0
mappo,42,181,475.0
mappo,42,182,480.0
mappo,42,183,480.0
mappo,42,184,480.0
mappo,42,185,480.0
mappo,42,186,480.0
mappo,42,187,480.0
mappo,42,188,475.0
mappo,42,189,480.0
mappo,42,190,480.0
mappo,42,191,475.0
mappo,42,192,465.0
mappo,42,193,480.0
mappo,42,194,480.0
mappo,42,195,480.0
mappo,42,196,475.0
mappo,42,197,475.0
mappo,42,198,480.0
mappo,42,199,470.0
mappo,42,200,480.0
mappo,123,1,150.0
mappo,123,2,75.0
mappo,123,3,55.0
mappo,123,4,70.0
mappo,123,5,55.0
mappo,123,6,65.0
mappo,123,7,110.0
mappo,123,8,100.0
mappo,123,9,105.0
mappo,123,10,55.0
mappo,123,11,75.0
mappo,123,12,55.0
mappo,123,13,80.0
mappo,123,14,90.0
mappo,123,15,75.0
mappo,123,16,145.0
mappo,123,17,95.0
mappo,123,18,120.0
mappo,123,19,160.0
mappo,123,20,65.0
mappo,123,21,140.0
mappo,123,22,125.0
mappo,123,23,145.0
mappo,123,24,125.0
mappo,123,25,210.0
mappo,123,26,210.0
mappo,123,27,130.0
mappo,123,28,135.0
mappo,123,29,210.0
mappo,123,30,220.0
mappo,123,31,170.0
mappo,123,32,220.0
mappo,123,33,260.0
mappo,123,34,230.0
mappo,123,35,265.0
mappo,123,36,260.0
mappo,123,37,245.0
mappo,123,38,210.0
mappo,123,39,260.0
mappo,123,40,220.0
mappo,123,41,205.0
mappo,123,42,260.0
mappo,123,43,280.0
mappo,123,44,285.0
mappo,123,45,355.0
mappo,123,46,295.0
mappo,123,47,315.0
mappo,123,48,360.0
mappo,123,49,335.0
mappo,123,50,360.0
mappo,123,51,405.0
mappo,123,52,395.0
mappo,123,53,400.0
mappo,123,54,400.0
mappo,123,55,365.0
mappo,123,56,420.0
mappo,123,57,385.0
mappo,123,58,410.0
mappo,123,59,450.0
mappo,123,60,405.0
mappo,123,61,435.0
mappo,123,62,430.0
mappo,123,63,385.0
mappo,123,64,305.0
mappo,123,65,375.0
mappo,123,66,410.0
mappo,123,67,295.0
mappo,123,68,300.0
mappo,123,69,320.0
mappo,123,70,340.0
mappo,123,71,315.0
mappo,123,72,400.0
mappo,123,73,355.0
mappo,123,74,390.0
mappo,123,75,345.0
mappo,123,76,345.0
mappo,123,77,330.0
mappo,123,78,310.0
mappo,123,79,335.0
mappo,123,80,295.0
mappo,123,81,310.0
mappo,123,82,290.0
mappo,123,83,295.0
mappo,123,84,355.0
mappo,123,85,335.0
mappo,123,86,335.0
mappo,123,87,400.0
mappo,123,88,360.0
mappo,123,89,395.0
mappo,123,90,375.0
mappo,123,91,395.0
mappo,123,92,350.0
mappo,123,93,395.0
mappo,123,94,345.0
mappo,123,95,350.0
mappo,123,96,395.0
mappo,123,97,360.0
mappo,123,98,370.0
mappo,123,99,405.0
mappo,123,100,375.0
mappo,123,101,370.0
mappo,123,102,420.0
mappo,123,103,395.0
mappo,123,104,395.0
mappo,123,105,430.0
mappo,123,106,405.0
mappo,123,107,420.0
mappo,123,108,390.0
mappo,123,109,395.0
mappo,123,110,355.0
mappo,123,111,375.0
mappo,123,112,380.0
mappo,123,113,370.0
mappo,123,114,375.0
mappo,123,115,370.0
mappo,123,116,335.0
mappo,123,117,355.0
mappo,123,118,375.0
mappo,123,119,375.0
mappo,123,120,355.0
mappo,123,121,385.0
mappo,123,122,440.0
mappo,123,123,435.0
mappo,123,124,435.0
mappo,123,125,445.0
mappo,123,126,445.0
mappo,123,127,440.0
mappo,123,128,440.0
mappo,123,129,440.0
mappo,123,130,450.0
mappo,123,131,415.0
mappo,123,132,430.0
mappo,123,133,415.0
mappo,123,134,430.0
mappo,123,135,460.0
mappo,123,136,420.0
mappo,123,137,425.0
mappo,123,138,430.0
mappo,123,139,445.0
mappo,123,140,425.0
mappo,123,141,455.0
mappo,123,142,430.0
mappo,123,143,445.0
mappo,123,144,415.0
mappo,123,145,425.0
mappo,123,146,430.0
mappo,123,147,410.0
mappo,123,148,450.0
mappo,123,149,460.0
mappo,123,150,470.0
mappo,123,151,445.0
mappo,123,152,455.0
mappo,123,153,440.0
mappo,123,154,470.0
mappo,123,155,455.0
mappo,123,156,450.0
mappo,123,157,445.0
mappo,123,158,455.0
mappo,123,159,450.0
mappo,123,160,445.0
mappo,123,161,455.0
mappo,123,162,450.0
mappo,123,163,450.0
mappo,123,164,460.0
mappo,123,165,450.0
mappo,123,166,480.0
mappo,123,167,470.0
mappo,123,168,460.0
mappo,123,169,450.0
mappo,123,170,465.0
mappo,123,171,480.0
mappo,123,172,430.0
mappo,123,173,450.0
mappo,123,174,480.0
mappo,123,175,460.0
mappo,123,176,450.0
mappo,123,177,465.0
mappo,123,178,450.0
mappo,123,179,460.0
mappo,123,180,480.0
mappo,123,181,450.0
mappo,123,182,480.0
mappo,123,183,450.0
mappo,123,184,480.0
mappo,123,185,475.0
mappo,123,186,460.0
mappo,123,187,470.0
mappo,123,188,465.0
mappo,123,189,450.0
mappo,123,190,450.0
mappo,123,191,460.0
mappo,123,192,450.0
mappo,123,193,470.0
mappo,123,194,440.0
mappo,123,195,460.0
mappo,123,196,440.0
mappo,123,197,465.0
mappo,123,198,440.0
mappo,123,199,440.0
mappo,123,200,450.0
mappo,999,1,25.0
mappo,999,2,105.0
mappo,999,3,110.0
mappo,999,4,110.0
mappo,999,5,145.0
mappo,999,6,125.0
mappo,999,7,95.0
mappo,999,8,85.0
mappo,999,9,100.0
mappo,999,10,80.0
mappo,999,11,115.0
mappo,999,12,90.0
mappo,999,13,90.0
mappo,999,14,110.0
mappo,999,15,80.0
mappo,999,16,100.0
mappo,999,17,25.0
mappo,999,18,115.0
mappo,999,19,105.0
mappo,999,20,35.0
mappo,999,21,70.0
mappo,999,22,70.0
mappo,999,23,70.0
mappo,999,24,85.0
mappo,999,25,85.0
mappo,999,26,55.0
mappo,999,27,100.0
mappo,999,28,135.0
mappo,999,29,80.0
mappo,999,30,165.0
mappo,999,31,85.0
mappo,999,32,135.0
mappo,999,33,130.0
mappo,999,34,115.0
mappo,999,35,95.0
mappo,999,36,110.0
mappo,999,37,80.0
mappo,999,38,115.0
mappo,999,39,95.0
mappo,999,40,100.0
mappo,999,41,110.0
mappo,999,42,90.0
mappo,999,43,115.0
mappo,999,44,100.0
mappo,999,45,120.0
mappo,999,46,70.0
mappo,999,47,60.0
mappo,999,48,85.0
mappo,999,49,85.0
mappo,999,50,75.0
mappo,999,51,130.0
mappo,999,52,95.0
mappo,999,53,75.0
mappo,999,54,90.0
mappo,999,55,110.0
mappo,999,56,160.0
mappo,999,57,150.0
mappo,999,58,155.0
mappo,999,59,120.0
mappo,999,60,160.0
mappo,999,61,95.0
mappo,999,62,170.0
mappo,999,63,120.0
mappo,999,64,115.0
mappo,999,65,160.0
mappo,999,66,175.0
mappo,999,67,100.0
mappo,999,68,185.0
mappo,999,69,215.0
mappo,999,70,170.0
mappo,999,71,195.0
mappo,999,72,285.0
mappo,999,73,215.0
mappo,999,74,250.0
mappo,999,75,255.0
mappo,999,76,270.0
mappo,999,77,265.0
mappo,999,78,285.0
mappo,999,79,325.0
mappo,999,80,305.0
mappo,999,81,320.0
mappo,999,82,305.0
mappo,999,83,280.0
mappo,999,84,325.0
mappo,999,85,360.0
mappo,999,86,360.0
mappo,999,87,375.0
mappo,999,88,370.0
mappo,999,89,295.0
mappo,999,90,390.0
mappo,999,91,410.0
mappo,999,92,385.0
mappo,999,93,340.0
mappo,999,94,400.0
mappo,999,95,375.0
mappo,999,96,410.0
mappo,999,97,350.0
mappo,999,98,420.0
mappo,999,99,400.0
mappo,999,100,415.0
mappo,999,101,410.0
mappo,999,102,400.0
mappo,999,103,435.0
mappo,999,104,375.0
mappo,999,105,440.0
mappo,999,106,430.0
mappo,999,107,430.0
mappo,999,108,430.0
mappo,999,109,405.0
mappo,999,110,450.0
mappo,999,111,430.0
mappo,999,112,425.0
mappo,999,113,455.0
mappo,999,114,450.0
mappo,999,115,440.0
mappo,999,116,420.0
mappo,999,117,445.0
mappo,999,118,440.0
mappo,999,119,440.0
mappo,999,120,435.0
mappo,999,121,450.0
mappo,999,122,455.0
mappo,999,123,440.0
mappo,999,124,450.0
mappo,999,125,425.0
mappo,999,126,420.0
mappo,999,127,435.0
mappo,999,128,420.0
mappo,999,129,400.0
mappo,999,130,430.0
mappo,999,131,430.0
mappo,999,132,375.0
mappo,999,133,400.0
mappo,999,134,425.0
mappo,999,135,430.0
mappo,999,136,410.0
mappo,999,137,430.0
mappo,999,138,405.0
mappo,999,139,415.0
mappo,999,140,385.0
mappo,999,141,395.0
mappo,999,142,440.0
mappo,999,143,435.0
mappo,999,144,410.0
mappo,999,145,440.0
mappo,999,146,455.0
mappo,999,147,435.0
mappo,999,148,440.0
mappo,999,149,450.0
mappo,999,150,470.0
mappo,999,151,475.0
mappo,999,152,430.0
mappo,999,153,460.0
mappo,999,154,450.0
mappo,999,155,455.0
mappo,999,156,440.0
mappo,999,157,465.0
mappo,999,158,440.0
mappo,999,159,470.0
mappo,999,160,470.0
mappo,999,161,450.0
mappo,999,162,460.0
mappo,999,163,480.0
mappo,999,164,465.0
mappo,999,165,480.0
mappo,999,166,460.0
mappo,999,167,470.0
mappo,999,168,480.0
mappo,999,169,480.0
mappo,999,170,445.0
mappo,999,171,450.0
mappo,999,172,460.0
mappo,999,173,460.0
mappo,999,174,460.0
mappo,999,175,450.0
mappo,999,176,460.0
mappo,999,177,460.0
mappo,999,178,435.0
mappo,999,179,470.0
mappo,999,180,470.0
mappo,999,181,460.0
mappo,999,182,480.0
mappo,999,183,480.0
mappo,999,184,460.0
mappo,999,185,465.0
mappo,999,186,470.0
mappo,999,187,470.0
mappo,999,188,480.0
mappo,999,189,460.0
mappo,999,190,460.0
mappo,999,191,475.0
mappo,999,192,470.0
mappo,999,193,470.0
mappo,999,194,470.0
mappo,999,195,480.0
mappo,999,196,480.0
mappo,999,197,480.0
mappo,999,198,480.0
mappo,999,199,480.0
mappo,999,200,470.0
